Region,Country,Location,City,Course,Play,Type,i100,Date,NumberHoles,Architect,Budget,Budget2,Apprentice1,Apprentice2,Construction,ConstructionURL,Super,Irrigation,Bunkers,Sand,Greens,Fairways,Year,TypeOfJob,Status,Current,History,DataCurated,Latitude,Longitude,ApproxGPS,Website,MediaWeb,YouTube,Instagram,InstaCaption,BackTee,AnnualGroundsBudget,Acres,Equiprment,AnnualWater,WaterSrc,Comments,Comments2,YouTubeCaption,Twitter,TwitterCaption,Bob,ArchitectURL,Owner,Opposition,Permits,MgmtCo,Irrigation
N America,USA,Arizona,,Sterling Grove,Once,,,2021,,Cochran Nicklaus,$12M,,,,Heritage Links,,,,,,,,,New,Open,,,12/26/2021,33.594265,-112.43003,,https://www.sterlinggroveclub.com/golf,,E_kTMl0atTc,,,,,,,,,,,Vlog,,,,,,,,,
N America,USA,Arkansas,,Wilson Sporting Club,Once,,,2021,6,Goalby Schneider Conant,,,,,Total Turf,,,,,,,,,New,Open,,,12/10/2021,35.566822,-90.6038,,http://www.dundeegolf.com/wilson,,,,,,,,,,,,,,Dundee_Golf/status/1440672986470645769,Image,,,,,,,
N America,USA,Florida,,PGA National,Holiday,Public,Short,2021,,Andy Staples ,,,,,Total Turf,,,,,,,,,New,Open,,,12/24/2021,26.829097,-80.143521,,https://www.golfcoursearchitecture.net/content/andy-staples-reimagines-squire-course-at-pga-national,,F56CRq7CBiM,,,,,,,,,Squire,,PGA,,,,,,,,,
N America,USA,Florida,,Southern Oaks,Once,,,2021,,Ezell,,,,,,,,,,,,,,New,Open,,,12/12/2021,28.822035,-82.028689,,https://www.thevillages.com/whatsnew/golf,,WikE4Nq0asM,,,,,,,,,Villages,,Flyover,ASGCA/status/1289561767228477443,ASGCA,,,,,,,
N America,USA,Indiana,,Holliday Farms,Once,,,2021,,Dye Liddy,,,,,Wadsworth,,,,,,,,,New,Open,,,6/8/2021,39.989884,-86.263801,,https://hollidayfarmszionsville.com/golf/,,FVttDRI9p6Q,holliday_farms,Dye,,,,,,,,,Welcome,,,,,,,,,
N America,USA,Maine,,Sebasco Harbor,Holiday,Public,Short,2021,3,Stein,,,,,,,,,,,,,,New,Open,,,7/5/2022,43.767114,-69.864265,,https://www.sebasco.com/golf/,,,,,,,,,,,,,,,,,,,,,,
N America,USA,Michigan,,American Dunes,Holiday,,,2021,,Nicklaus,$14M,,,,Superior Golf,,,,,,,,,New,Open,,,9/29/2020,43.000564,-86.211438,,https://americandunesgolfclub.com/,,dc3pfYcuVHc,americandunes,Am Dunes,,,,,,,,,Construction,GOLF_com/status/1311006605866131457,GOLF,,,,,,,
N America,USA,Michigan,,Saskatoon Silver,Once,,,2021,,Albanese Matthews,,,,,,,,,,,,,,New,Open,,,12/26/2021,42.796423,-85.443615,,https://www.saskatoongolf.com/,,ayBhFt5Fbr4,,,,,,,,,,,,,,,,,,,,
N America,USA,Nebraska,,CapRock Ranch,Once,,,2021,,Gil Hanse ,,,,,Landscapes Unlimited,,,,,,,,,New,Open,,,9/2/2021,42.736804,-100.875556,,https://www.caprockranch.com/gallery,,kaItv-ftiDY,caprock.ranch,,,,,,,,,,Podcast,JwcJeff/status/1417875106425151494,Chop,Yes,,,,,,
N America,USA,Tennessee,,Oak Ridge,Once,,Short,2021,,Bill Bergin,,,,,,,,,,,,,,New,Open,,,12/21/2021,35.90596,-84.4187,,https://thepreserveatoakridge.com/amenities/the-patch/,,VtTCj8SUy_o,thepreserveatoakridge,TN,,,,,,,,,Flyover,,,,,,,,,
N America,USA,Texas,,Circle T Ranch,Once,Member,Short,2021,,Gil Hanse ,,,,,,,,,,,,,,New,Open,,,12/19/2022,32.9176819,-97.1007358,,https://www.circletranch.com/,,,,,,,,,,,Perot,,,,,,,,,,,
N America,USA,Texas,,Grand Oaks Reserve,Once,Member,,2021,,Mike Nuzzo,,,,,,,,,,,,,,New,Open,,,1/28/2022,30.333969,-95.062512,,https://www.grandoaksgc.com/,,,,,,,,,,,9 Grand,,,,,,,,,,,
N America,USA,Utah,,Timp Legacy Trail,Govt.,Public,Short,2021,,Atkinson,$4M,,,,,,,,,,,,,New,Open,,,4/12/2021,40.208073,-111.653369,,https://www.timpanogosgolf.com/legacy-trail/,,,,,,,,,,,Arid climate,,,AtkinsonGolf/status/1333935650152714241,Muni Golf,,,,,,,
N America,USA,Washington,,Gamble Sands Quicksand,Holiday,,,2021,,David McLay Kidd,,,,,,,,,,,,,,New,Open,,Kidd,5/5/2021,48.075375,-119.652155,,https://www.linksmagazine.com/quicksands-short-course-gamble-sands/?fbclid=IwAR38Ta9CWzVGjLTH0sJGfoSXQsuxEMIMwruzKFRhbdjH5o9n_LcFh2-n6Ys,,uGqU7Zb9nwo,gamblesandsgolf,Kidd,,,,,,,,,July,LinksGems/status/1365129034263367681,Top 100,,,,,,,
N America,USA,Washington,,Skamania,Once,Member,Short,2021,,Costello,,,,,,,,,,,,,,New,Open,,,1/9/2021,45.68574,-121.904835,,https://www.skamania.com/golf_course/,,kOIffvXdOcs,,,,,,,,,Gorge 9,,Costello,,,,,,,,,
N America,USA,Wisconsin,,Blackwolf Run Baths,Holiday,Public,,2021,,Chris Lutzke,,,,,,,,,,,,,,New,Open,,,6/4/2021,43.7269,-87.778073,,https://www.americanclubresort.com/,,,,,,,,,,,,,,GOLF_com/status/1285575063543177217,GOLF Magazine,,,,,,,
N America,USA,Wisconsin,,Pioneer Pointe,Once,,Short,2021,,Lohmann Quitno,,,,,Integrity GE,,,,,,,,,New,Open,,,11/23/2020,43.058151,-89.582862,,https://www.pioneerpointegolf.com/hole-by-hole,,,,,,,,,,,,,,LohmannQuitno/status/1329631605871218691,Hole 11,,,,,,,
N America,USA,Wisconsin,,Trapper's Turn,Once,,Short,2021,,Haltom North,,,,,,,,,,,,,,New,Open,,,1/25/2021,43.633337,-89.799689,,https://www.trappersturn.com/,,,,,,,,,,,,,,garydamatogolf/status/1217505577309556741,12North,,,,,,,
Africa,Egypt,Al Alamien,,Hacienda Bay GC,Holiday,,,2021,,Sanford,,,,,,,,,,,,,,New,Open,,,11/4/2020,30.945565,28.784636,,https://www.golfcoursearchitecture.net/content/sanford-golf-design-completes-hacienda-bay-in-egypt,,bSsENKIoYiQ,,,,,,,,,,,Al Alamien,,,,,,,,,
Africa,Nigeria,Yenagoa,,HSD Castle Rock,Holiday,,,2021,,Ron Garl Ricky Nix,,,,,Total Golf,,,,,,,,,New,Open,,,7/12/2021,4.948846,6.267643,,https://guardian.ng/sport/yenagoa-bubbles-as-hsd-golf-country-club-plans-first-anniversary/,,,newyenagoacity_,Real estate Golf,,,,,,,,,,,,,,,,,,
Africa,Rwanda,Kigali,,Rwanda Ultimate GC,Holiday,,Short,2021,,Gary Player,$17M,,,,Gregori,,,,,,,,,New,Open,,,9/3/2021,-1.929422,30.040558,,http://www.kigaligolfclub.com,,oEV02jDc3i4,,,,,128,,,,Open,,Greens Expansion,PlayerDesign/status/1351874437226885121,Golf Africa,,,,,,,
Asia,India,Hyderabad,,Haldi GC,Holiday,,,2021,,Ryan Reeves,,,,,,,,,,,,,,New,Open,,,1/7/2021,17.879949,78.443251,,https://haldigolfcounty.com/golf-villa-plots-hyderabad/#about,,,haldigolfcounty,Haldi,,,,,,,,,,,,,,,,,,
Asia,India,Uttar Pradesh,,Godrej Links,Holiday,,Short,2021,,Vijit Nandrajog,,,,,,,,,,,,,,New,Open,,,7/26/2021,28.470344,77.532823,,https://www.godrejpropertiesgreaternoida.com/godrej-golf-links,,,,,,,,,,,,,,gcamagazine/status/1415942121547341825,Vijit,,,,,,,
Asia,India,Uttar Pradesh,,Lotus Greens Noida,Holiday,,,2021,,Vijit Nandrajog,,,,,,,,,,,,,,New,Open,,,3/4/2022,28.564189,77.339865,,https://www.propdial.com/Property-Management-In-Noida/Sector-78/Lotus-Greens-Golf-Centric,,,,,,,,,,,,,,,,,,,,,,
Asia,Indonesia,Jakarta,,Sedayu,Holiday,,,2021,,Nicklaus Cope,,,,,,,,,,,,,,New,Open,,,12/14/2021,-6.035466,106.700915,,https://pik2info.com/golf-island/,,lGv6BnjVQOs,,,,,950,,,,Ellsworth,,MainGolfYukTV,gcamagazine/status/1295629087160111104,Par 3s,,,,,,,
Asia,Pakistan,Multan,,Rumanza,Holiday,,,2021,,Faldo Haggar,,,,,Desert Group,,,,,,,,,New,Open,,,4/20/2021,30.288939,71.507692,,https://www.dhamultan.org/Developed-Projects/Rumanza,,MNBayAAYTAI,rumanzagolf,Rumanza,,,,,,,,,Desert Golf,FaldoDesign/status/1351569544712744960,Desert Layout,,,,,,,
Asia,Philippines,Bataan,,Tandatangan ,Holiday,,,2021,9,John Cope,,,,,,,,,,,,,,New,Open,,,2/15/2021,14.450705,120.465053,,https://www.camayacoastrealestate.com/tandatangan-golf-residences,,VKmeqEv0qpg,,,3275,,,,,,,,Golf Tropics,margierom29/status/1241147124185628672,Real estate Country Club,,,brianbeltran@camayacoast.org,,,,
Asia,Philippines,Davao,,Dakak,Holiday,,,2021,,Norman Cope,$18M,,,,,,,,,,,,,New,Open,,,3/29/2021,8.696272,114.427656,,http://www.dakakgolfclub.ph/the-course/,,XzbYIxVW4Sw,,,7000,,,,,,,,Island golf,,,,,,,,,
Asia,South Korea,Haenam,,Solaseado,Once,,,2021,,Dale Ramsey,,,,,,,,,,,,,,New,Open,,,6/30/2020,34.556024,126.588755,,,,,,,,,,,,,,,,,,,,,,,,
Asia,South Korea,Incheon,,Orange,Holiday,,,2021,,,,,,,,,,,,,,,,New,Open,,,2/26/2021,37.503986,126.500257,,,,,,,,,,,,,,,,,,,,,,,,
Asia,South Korea,South Korea,,Seolhaewon,Holiday,,,2021,,,,,,,,,,,,,,,,New,Open,,,2/26/2021,38.053737,128.653484,,https://www.seolhaeone.com/,,,,,,,,,,,New 9,,,,,,,,,,,
Asia,Thailand,Ayutthaya,,Sai Golf Club,Holiday,Public,,2021,,JMP Moore,,,,,,,,,,,,,,New,Open,,,3/17/2021,14.145705,100.545877,,https://www.facebook.com/saigolfclub/,,htkcN8ZVr-s,,,6883,,,,,,,,Preview,,,,,,,,,
Asia,Thailand,Phang Nga,,Aquella,Holiday,,,2021,,Phil Ryan,,,,,,,,,,,,,,New,Open,,Dye,6/2/2021,8.461472,98.114342,,https://aquella.com/,,cYa53yNJUU0,aquellathailand,Aquella,,,,,,,was Muang Thai,,Beachfront golf,PhuketDailyNews/status/1399812058019811329,Phuket Holiday golf,,,,,,,
Asia,Thailand,Samut Prakan,,Ballyshear,Once,,,2021,,Gil Hanse,,,,,,,,,,,,,,New,Open,,,10/17/2021,13.609653,100.882831,,https://brc.co.th/,,xR9IHesKJ5I,ballyshear_golf_links,Lido inspired,,,,,,,,,Interview,rjmcfadde/status/1334854148718817280,Overhead,Yes,,,,,,
Asia,Vietnam,Hanoi,,Thanh Lanh,Holiday,Public,,2021,,Faldo Haggar,,,,,Flagstick,,,,,,,,,New,Open,,,2/25/2022,21.39786,105.685922,,https://www.facebook.com/mike.sebastian.apgg/posts/3800163370068464,,JjFowc_ab40,,,,,,,,,Serena,,Golf Resort,FaldoDesign/status/1471872029615927304,Penalty Area,,,,,,,
Asia,Vietnam,Hanoi,,Amber Hills Hillside,Holiday,,,2021,,Albanese Lutzke,,,,,,,,,,,,,,New,Open,,,3/27/2021,21.214816,106.1953,,http://amberhills.vn/golf-course,,S8svGH7vOmg,alegolf.vietnam,Tee time,,,,,,,Yen Dung,,Asian Golf Holiday,,,,,,,,,
Asia,Vietnam,Hoa Binh,,Hilltop Valley,Holiday,,,2021,,B Stenson,,,,,,,,,,,,,,New,Open,,,1/22/2021,20.879405,105.350913,,http://hilltopvalleygolf.com/,,,,,,,,,,,IMG,,,,,,,,,,,
Asia,Vietnam,Ninh Binh,,Royal GC Queens,Holiday,,,2021,,Nicklaus II Wagner,,,,,Cameron Thompson,,,,,,Primo Zoysia,Zeon Zoysia,,New,Open,,,3/11/2021,20.125885,104.845866,,https://www.golfcoursearchitecture.net/content/work-turns-to-back-nine-on-new-nicklaus-course-in-vietnam,,gL9RCLV0-2A,,,,,,,,,,,Parkland Golf,,,,,,,,,
Asia,Vietnam,Phan Thiet,,Nova PGA Ocean,Holiday,,,2021,,Norman,,,,,Flagstick,Sports Turf,,,,,Primo Zoysia,Zeon Zoysia,,New,Open,,,8/20/2021,10.845856,107.965728,,https://novaworldphanthiet.com.vn/en/phan-ky/,,8CGKEG2ZjxQ,,,,,,,,,,,Flyover,STSAsia/status/1294462134760255494,Sports Turf Solutions,,,,,,,
AU/NZ,Australia,Tasmania,,Barnbougle Bougle Run,Holiday,,,2021,,Johns Hawker,,,,,,,,,,,,,,New,Open,,,4/5/2021,-41.004858,147.435641,,https://twitter.com/Barnbougle,,stLGGgFOSCY,barnbougle,Bougle,,,,,,,Bill Coore,,Caddie,AussieGolfer/status/1360902658090037259,Sandy soil,,,,,,,
AU/NZ,Australia,Victoria,,Neangar Park,Holiday,,Short,2021,,Davey,,,,,,,,,,,,,,New,Open,,,12/1/2020,-36.713958,142.027724,,https://www.contourgolf.com.au/,,hnZ7843U-wM,contour_golf,Contour,,,,,,,Bendigo,,Tifdwarf,,,,,,,,,
AU/NZ,NZ,North Island,,Tieke Golf Estate,Holiday,,,2021,,Thomson Tataurangi,,,,,,,,,,,,,,New,Open,,,2/1/2022,-37.862798,175.3448224,,https://tiekegolf.co.nz/,,ks07wj1Dvek,tiekegolf,Hamilton,,,,,,,,,Aerial,PhilTataurangi/status/1440631236909678604,ANZ Golf Tourism,,,,,,,
AU/NZ,NZ,South Island,,Wanaka,Holiday,Member,Short,2021,,Charles,$0.5M,,,,,,,,,,,,,New,Open,,,3/27/2021,-44.697021,169.140659,,https://wanakagolf.co.nz/,,,,,,,,,,,,,,Golf_industry/status/1374310722067337217,Bunkers,,,,,,,
Europe,France,Alsace,,Académie 57,Holiday,Public,,2021,,van Hauwaert,,,,,Southwest Greens,,,,,,,,,New,Open,,,11/22/2021,49.1145564,6.1413288,,https://www.golfacademie57.fr/,,,,,,,,,,,,,,,,,,,,,,
Europe,Georgia,Tbilisi,,Tabori Golf Resort,Holiday,,,2021,,David Dale Dale Ramsey,,,,,,,,,,,,,,New,Open,,,7/20/2020,41.680164,44.784098,,http://anagi.ge/en/project/tabori---hotel-and-golf-club-tbilisi/148,,19EaIb9h03w,,,,,,,,,,,Shaping,,,,,,,,,
Europe,Germany,Weimar,,Spa Anna Amalia,Holiday,Public,Short,2021,9,Reinmuth Städler,,,,,,,,,,,,,,New,Open,,,4/12/2022,50.8751406,11.3404821,,https://www.golfresort-weimarerland.de/spa-golf-hotel/golfen/golfplaetze/anna-amalia-course.html,,,,,,,,,,,,,,,,,,,,,,
Europe,Netherlands,Molenschot,,Princenbosch,Holiday,,,2021,,Rijks,,,,,,,,,,,,,,New,Open,,,8/9/2020,51.548065,4.87138,,https://www.princenbosch.nl/,,,,,,,,,,,Par 3,,,,,,,,,,,
Europe,Spain,Murcia,,Altaona,Holiday,,,2021,,Stirling Martin,,,,, GTM Golf ,,,,,,,,,New,Open,,,12/19/2021,37.873944,-1.09791,,https://altaonavillage.com/,,SW_zNEPvR94,,,,,,,,,GTM,,Hole 18,,,,,,,,,
Europe,Spain,Murcia,,New Sierra,Holiday,Public,,2021,9,Rodríguez-Murcia,,,,,Surtec,,,,,,,,,New,Open,,,12/13/2022,37.8565719,-0.9855099,,http://www.newsierragolf.com/,,WnJdx6RYZ40,surtecgolfagronomy,surtecgolfagronomy,,,,,,,,,9th hole,surtec_agronomy/status/1443172853399138304,Back 9,,,,,,,
Europe,Spain,Oleiros,,Golf Xaz,Holiday,,,2021,,Stirling Martin,,,,,,,,,,,,,,New,Open,,,11/10/2021,43.350747,-8.356903,,https://pazodexaz.com/,,,,,,,,,,,Golf Spain,,,laopinioncoruna/status/1387730911878393858,Galicia,,,,,,,
GB&I,Ireland,Donegal,,St Patricks,Holiday,,,2021,,Doak Iverson Johnson Moser,,,Angela Moser,Clyde Johnson,,,,,,,,,,New,Open,,,8/25/2021,55.188626,-7.831761,,https://www.stpatrickslinks.ie,,y35vPnZZ5MY,stpatrickslinks,stpatrickslinks,,,360,,,,,,Bertram,Rosapenna1893/status/1366328064549015552,Links Golf,Yes,,,,,,
L America,Argentina,Buenos Aires,,San Pedro,Holiday,Public,,2021,,Fernando Gonzalez Prieto,,,,,,,,,,,,,,New,Open,,,2/2/2021,-33.689482,-60.785915,,https://www.sanpedroinforma.com.ar/nota/123647?fbclid=IwAR1iYbn7uG__aI4OGK-Hfq5MrCKwLxIPYE6izzvzdYv0gx22WNy7zPlydGY,,,,,,,,,,,Tipaldi,,,,,,,Claudio Tipaldi,,,,
L America,Mexico,Yucatan,,RLL Wellness,Holiday,,,2021,,Agustin Piza,,,,,,,,,,,,,,New,Open,,,1/12/2021,20.754224,-89.863627,,http://www.architecturepressrelease.com/2nd-award-multi-golf-complex-rll-by-piza-golf/,,,,,,,,,,,Chablé,,,arqpiza/status/1349062012949598208,Wellness Resort,,,,,,,
N America,Bermuda,St George’s,,Five Forts,Holiday,Public,,2021,,RTJ II,,,,,,,,,,,,,,Rebuild ,Open,,RTJ,4/17/2021,32.385585,-64.677884,,https://www.marriott.com/en-us/hotels/bdaxr-the-st-regis-bermuda-resort/experiences/five-forts-golf-club/,,,,,,,,,,,St. Regis,,,BTAInsights/status/1368730102507462658,Golf Hotel,,,,,,,
N America,USA,California,,Pebble Beach Hay,Holiday,,Short,2021,,Welling Woods,,,,,,,,,,,,,,Rebuild ,Open,,,4/17/2021,36.569655,-121.951944,,https://www.pebblebeach.com/golf/the-hay/,,Xb4MlZk4Zt4,pebblebeachresorts,Pebble Beach,,,,,,,,,Experience,TigerWoods/status/1383080462936125442,Junior Golf,,,,,,,
N America,USA,Florida,,Jonathan's Landing,Member,,,2021,,Gil Hanse Jim Wagner,,,,,,,,,,,,,,Rebuild ,Open,,Hills,12/2/2021,26.980306,-80.204482,,https://jonathanslanding.clubhouseonline-e3.com/Club-Info/OT_Project,,AG-B3btaT38,,,,,,,,,Old Trail,,Faxon,BradFaxon/status/1362141881317097480,Brad Faxon,,,,,,,
N America,USA,Illinois,,Heritage Oaks,Govt.,Public,,2021,,Jacobson Jeffrey Danner,$13.3M,,,,Wadsworth,,,,,,,,,Rebuild ,Open,,,2/9/2021,42.136825,-87.869199,,https://www.chicagogolfreport.com/sportsmans-Renovate-update/,,,,,,,,,,,,,,nb_parks/status/1354898761647075329,Muni Golf,,,,,,,
N America,USA,Louisiana,,Lake Charles,Govt.,Public,,2021,,Blume,,,,,Sterling,,,,,,,,,Rebuild ,Open,,,8/7/2022,30.210287,-93.155726,,https://www.mallardgolfclub.com/,,,,,,,,,,,Mallard,,,,,,,,,,,
N America,USA,Louisiana,,Smugglers Run,Govt.,Public,,2021,,Nathan Crace,,,,,,,,,,,,,,Rebuild ,Open,,,9/19/2020,32.292728,-97.250226,,https://www.jprec.org/golfcourse,,,,,7200,,,,,,Jackson Parish,,,,,,,,,,,
N America,USA,New York,,Inness,Once,,Short,2021,,King Collins ,,,,,,,,,,,,,,Rebuild ,Open,,,6/15/2021,41.798304,-74.231373,,https://inness.co/,,URX_aryWfmo,inness_ny,inness_ny,,,,,,,Rondout,,Flyover,aminniti147/status/1403380240009809922,Preview,,,,,,,
N America,USA,North Carolina,,High Hampton,Holiday,Public,,2021,,Tom Fazio Bryan Bowers,,,,,Pristine Golf,,,,,,,,,Rebuild ,Open,,,5/28/2021,35.098948,-83.08636,,https://highhamptonnc.com,,5qoVMNEG7-Q,highhamptonnc,Cashiers,,,684,,,,,,GCSAA,gcamagazine/status/1398319211391377415,Images,Maybe,,Beall,,,,
N America,USA,North Dakota,,Fox Hills,Once,,,2021,,Norby ,$8.4M,,,,Landscapes Unlimited,,,,,,,,,Rebuild ,Open,,,10/3/2021,47.805107,-103.235358,,https://foxhillsgc.com/index.htm,,,,,,,,,,,,,,golfnorby/status/1442575725568008193,LU,,,,,,,
N America,USA,Pennsylvania,,Bob O’Connor,Govt.,Public,Short,2021,,Cervone ,,,,,,,,,,,,,,Rebuild ,Open,,,5/18/2022,40.437792,-79.936605,,https://www.golfcourseindustry.com/article/first-tee-pittsburgh-golf-course-schenley-park/,,,,,,,,,,,,,,SHistorians/status/1350893624511377410,Shistorians,,,,,,,
N America,USA,Virginia,,Belmont ,Govt.,Public,,2021,,Davis Love Scot Sherman,$5M,,,,MacCurrach,http://www.maccurrachgolf.com/,,,,,,,,Rebuild ,Open,,Tillinghast ,3/4/2021,37.618363,-77.464182,,https://golf.com/travel/courses/muni-mondays-belmont-virginia-12-holes/,,neY2s-YRU7I,playbelmontrva,VA,,,,,,,Snow Canyon,,Henrico County,Love3GolfDesign/status/1366194940057948160,View,,,,,,,
Asia,India,Kerala,,Trivandrum,Once,Public,,2021,,Vijit Nandrajog,,,,,,,,,,,,,,Rebuild ,Open,,Thompson,11/26/2020,8.522467,76.964031,,http://saitrivandrumgolfclub.com/home/,,4xE0QDVYD5Y,golf_design_india,Vijit,,,,,,,9 holes,,Colonial Golf Course,scorpiosaurus/status/1262255612160663552,Pics,,,,,,,
Asia,Thailand,Ubon,,RTAFB Wing 21,Govt.,Public,,2021,,,,,,,,,,,,,,,,Rebuild ,Open,,,6/16/2021,15.25476,104.86127,,https://forum.thaivisa.com/topic/1219439-ubon-golf/,,,,,,,,,,,,,,,,,,,,,,
GB&I,England,Basingstoke,,Weybrook Park GC,Holiday,Public,,2021,,Moodie Burrell,,,,,Ely,,,,,,,,,Rebuild ,Open,,,6/1/2021,51.2847559,-3.3650082,,https://www.weybrookpark.co.uk/the-course,,,,,,,,,,,,,,,,,,,,,,
L America,Uruguay,Maldonado,,Las Piedras,Once,,,2021,,Thad Layton,,,,,,,,,,,,,,Rebuild ,Open,,Palmer,11/3/2020,-34.840073,-55.445542,,http://www.laspiedrasfasano.com/en/amenities/golf/,,,thad.layton,thad.layton,,,,,,,New 9,,,,,,,,,,,
N America,USA,Florida,,Sailfish Sands,Govt.,Public,,2021,,Sanford ,$10M,,,,TDI,,,,,,,,,Reduce,Open,,Langford,12/26/2021,27.179709,-80.206676,,https://sailfishpoint.com/golf/,,ZTaWa08MoKA,,,,,,,,,Martin County ,,Front 9,,,,,,,,,
N America,Canada,Alberta,,Blackhawk GC,Once,,Short,2021,,Whitman Cutten,,,,,,,,,,,,,,Renovate,Open,,,3/21/2022,53.385303,-113.663592,,https://www.playblackhawk.com/,,,,,,,,,,,,,,playblackhawk/status/1282729330393530369,The Sanctuary,,,,,,,
N America,Canada,Brit Columbia,,Sagebrush,Holiday,Public,,2021,,Whitman Mingay Zokol,,,,,,,,,,,,,,Renovate,Open,,,6/11/2021,50.1536807,-120.5360454,,https://cfjctoday.com/2021/05/14/watch-reclamation-project-sagebrush-golf-club-near-merritt-rising-again,,,,,,,,,,,,,,YoungerGolf/status/1403323731284475908,Reboot,,,,,,,
N America,Canada,Brit Columbia,,Uplands Golf Club,Once,Member,,2021,,Jeff Mingay,,,,,,,,,,,,,,Renovate,Open,,Robinson,9/22/2021,48.45,-123.309167,,https://www.uplandsgolfclub.com/Club/Club_History,,1ectWBD730A,,,,,,,,,,,Holes 2-3,,,,,,,,,
N America,USA,Alabama,,Peninsula Golf,Holiday,Public,,2021,,In house,,,,,,,,,,,,,,Renovate,Open,,Stone,8/7/2021,30.2525333,-87.7754281,,https://www.peninsulagolfclub.com/index.php,,e5P5IDx-GD8,,,,,,,,,Barrett,,AL,,,,,,,,,
N America,USA,Arizona,,Eagle Mountain,Holiday,Public,,2021,,In house,,,,,Casa Verde,,,,,,,,,Renovate,Open,,Miller ,10/11/2022,33.5765693,-111.761337,,https://eaglemtn.com/awards-accolades/,,,,,,,,,,,Reduction,,,,,,,,,,,
N America,USA,Arizona,,The Views GC,Once,Member,,2021,,Mike Gogel,,,,,Pro Turf International,,,,,,,,,Renovate,Open,,Nash Hardin,7/13/2020,32.462574,-110.950123,,https://www.theviewsgolfclub.com/,,0OPqXN66FYY,theviewsgolf,Desert Golf,,,,,,,,,ProTurf,,,,,,,,,
N America,USA,California,,Cordevalle,Once,Member,,2021,,RTJ II,,,,,,,,,,,,,,Renovate,Open ,,RTJ II,6/25/2021,37.067571,-121.6350852,,https://golfweek.usatoday.com/gallery/photos-refreshed-cordevalle-california,,,,,,,,,,,,,,,,,,,,,,
N America,USA,California,,El Caballero,Once,,,2021,,Rees Jones,$10M,,Steve Weisser,,Wadsworth,,,,,,,,,Renovate,Open,,RTJ,11/24/2021,34.160106,-118.535039,,https://www.reesjonesinc.com/el-caballero/,,d2eUKn-iyus,,,,,,,,,Santa Ana bermuda,,Latitude 36 bermuda,GCImagazine/status/1462904184064417792,Tournament History,,,,,,,
N America,USA,California,,Friendly Hills,Once,Member,,2021,,Casey O'Callaghan,,,,,,,,,,,,,,Renovate,Open,,Hines,3/4/2022,33.959722,-117.998861,,https://www.instagram.com/p/CIjj3wJldvj/,,,,,,,,,,,5 degrees,,,,,,,,,,,
N America,USA,California,,Granite Bay,Once,Member,,2021,,Abbott Rodriguez Page,,,,,,,,,,,,,,Renovate,Open,,RTJ Phillips,10/27/2021,38.7247203,-121.196836,,http://www.granitebaycourseupdate.com/,,TQUmbMVwcCE,,,,,,,,,,,Regrassing,,,,,,,,,
N America,USA,California,,Mountain Vista Sun City,Once,Member,,2021,,Casey O'Callaghan,,,,,,,,,,,,,,Renovate,Open,,Billy Casper,11/12/2021,33.782367,-116.294155,,https://www.desertsun.com/story/sports/golf/2021/10/26/mountain-vista-golf-club-palm-desert-debuts-course-changes/8545081002/,,,,,,,,,,,,,,caseygolfdesign/status/1392571490059489280,Hole 7,,,,,,,
N America,USA,California,,Pico Rivera,Govt.,Public,,2021,,Govt.,,,,,,,,,,,,,,Renovate,Open,,,10/18/2022,34.0187114,-118.061417,,https://www.picoriveragc.com/,,,,,,,,,,,Dam repair,,,,,,,,,,,
N America,USA,California,,San Vicente ,Holiday,,,2021,,Andy Staples,$2.9M,,,,Heritage Links,,,,,,,,,Renovate,Open,,Robinson ,2/28/2021,33.002199,-116.807967,,https://www.sanvicenteresort.com/,,M2cw_vJOeIs,,,,,,,,,,,Hole 9,buildsmartrgolf/status/1356626512297029632,Golf Resort,,,,,,,
N America,USA,California,,Tahoe Donner,Once,,,2021,,Cary Bickler,$2.5M,,,,,,,,,,,,,Renovate,Open ,,,3/22/2021,39.352275,-120.233514,,http://www.tahoedonner.com/amenities/amenities/golf/,,,,,,,,,,,,,,EarthSculptures/status/1273989888283602944,Mountain Golf,,,,,,,
N America,USA,Connecticut,,Aspetuck Valley CC,Once,,,2021,,Lester George,,,,,Heritage Links,,,,,,,,,Renovate,Open,,,9/8/2021,41.226918,-73.334711,,https://www.aspetuckvalley.com/,,,,,,,,,,,,,,Evan_Schiller/status/1333595030699864071,Images,,,,,,,
N America,USA,Florida,,Bent Creek,Once,Member,,2021,,In house,,,,,Indigo Troon,,,,,,,,,Renovate,Open ,,Bobby Weed,9/13/2021,35.7608843,-83.347392,,https://www.golfbentcreek.com/,,,,,,,,,,,,,,,,,,,,,,
N America,USA,Florida,,Grand Cypress GC,Holiday,Public,,2021,,Nicklaus,,,,,Heritage Links,,,,,,,,,Renovate,Open,,Nicklaus,4/13/2021,28.40764,-81.530948,,https://www.grandcypress.com/,,e6FNdobK_eE,thevillasofgrandcypress,GC,,,,,,,Bunkers,,Soil,GT_IRRIGATION/status/1378338071385571332,Grow in superintendent,,,,,,,
N America,USA,Florida,,Heritage Palms Sabal,Once,,,2021,,Gordon Lewis,,,,,,,,,,,,,,Renovate,Open,,Azinger Lewis,7/14/2020,26.590929,-81.823293,,https://www.hpgcc.com/,,IUi9_dlbTQg,heritagepalms,Heritage,,,,,,,,,FL,,,,,,,,,
N America,USA,Florida,,Jacaranda,Holiday,Public,,2021,,Bobby Weed,$10M,,,,,,,,,,,,,Renovate,Open,,,6/8/2021,26.111608,-80.27484,,https://jacarandagolfclub.com/,,,,,,,,,,,,,,,,,,,,,,
N America,USA,Florida,,Olde Cypress,Once,Member,,2021,,TBA,,,,,,,,,,,,,,Renovate,Open,,PB Dye,10/27/2021,26.2113877,-81.8274544,,https://www.oldecypress.com/,,,,,,,,,,,,,,naples_matt/status/1443607420224380933,Naples,,,,,,,
N America,USA,Florida,,Olde Florida,Once,Member,,2021,,TBA,,,,,,,,,,,,,,Renovate,Open,,Rees Jones,10/28/2021,26.246859,-81.652075,,https://www.facebook.com/OldeFloridaGolfClub/,,T1nxiaWadso,,,,,,,,,,,Regrassing,,,,,,,,,
N America,USA,Florida,,Palm Aire,Once,,,2021,,Mike Benkusky,,,,,,,,,,,,,,Renovate,Open,,Wilson,12/8/2021,26.223732,-80.159843,,https://www.palmaire.net/,,oOQg-y3kpg4,,,,,,,,,,,FL,,,,,,,,,
N America,USA,Florida,,Pointe West,Once,,,2021,,Sanford,,,,,Total Golf,,,,,,,,,Renovate,Open,,,3/1/2021,27.629188,-80.484071,,https://www.pwccvb.com/,,,,,,,,,,,,,,KDturf/status/1366197047238529029,Bunker,,,,,,,
N America,USA,Florida,,Santa Rosa,Once,,,2021,,Bergin,$3.8M,,,,Medalist,,,,,,,,,Renovate,Open,,,12/26/2021,30.360222,-86.244594,,https://santarosaclub.com/course-renovation/,,piSL5cy41Dk,,,,,,,,,,,Bergin,bergingolf/status/1349103812091518977,Beach,,,,,,,
N America,USA,Florida,,Seven Lakes,Once,,,2021,,Kipp Schulties,$3.4M,,,,Ryan Golf,,,,,,,,,Renovate,Open,,,6/27/2020,26.550611,-81.880791,,https://sevenlakesgolfandtennis.com/page/22119~379629/golf-course-status,,KEq3kgqhCLs,,,,,,,,,,,Opening,,,,,,,,,
N America,USA,Florida,,The Meadows CC,Once,,,2021,,Johnston,$1.2M,,,,,,,,,,,,,Renovate,Open,,,7/15/2020,27.363625,-82.479252,,https://www.meadowscc.org/,,o_mVdu7yn_w,The_Meadows_CC,Meadows,,,,,,,$1.2M,,Rebuild bunkers,,,,,,,,,
N America,USA,Florida,,The Quarry,Once,,,2021,,Hurdzan Fry,,,,,,,,,,,,,,Renovate,Open,,Hurdzan Fry,7/13/2020,26.278644,-81.679401,,https://www.quarrygolfnaples.com/,,pGQKaz2EnDk,thequarrynaples,Quarry,,,,,,,,,Regrassing,,,,,,,,,
N America,USA,Florida,,TPC Treviso Bay,Once,,,2021,,Ryan,$3M,,,,,,,,,,,,,Renovate,Open,,Hills,11/5/2020,26.071772,-81.735728,,https://www.flipsnack.com/tpctrevisobay/member-shared-design-document-november-5-2019.html,,XbW79fI0OPo,tpctrevisobay,Treviso,,,,,,,$3M,,Shaping,HFS_GCA/status/1281935417697341440,Images,,,,,,,
N America,USA,Florida,,Turkey Creek,Once,,,2021,,Palmer,$1.5M,,,,,,,,,,,,,Renovate,Open,,,3/25/2022,29.757867,-82.439518,,https://www.wuft.org/news/2022/02/03/turkey-creek-golf-club-defunct-for-a-decade-is-now-one-of-alachua-countys-only-two-public-courses/,,,,,,,,,,,,,,,,,,,,,,
N America,USA,Florida,,TwinEagles Talon,Once,Member,,2021,,Nicklaus Design,,,,,,,,,,,,,,Renovate,Open,,,5/25/2021,26.288312,-81.633192,,https://www.twineagles.com/,,gVsMjhi0mL4,,,,,,,,,,,Club Golf,,,,,,,,,
N America,USA,Florida,,Woodfield CC,Once,Member,,2021,,Kipp Schulties,$7.9M,,,,Heritage Links,,,,,,,,,Renovate,Open ,,,2/9/2021,26.401259,-80.161681,,https://www.woodfield.org/,,,,,,,,,,,,,,SkyCaddieChip/status/1355809579247017986,Images,,,,,,,
N America,USA,Georgia,,Charlie Yates,,Public,,2021,,Medalist,,,,,,,,,,,,,,Renovate,Open,,Rees Jones,11/12/2021,33.7431842,-84.318294,,https://www.charlieyatesgolfcourse.com/news/,,IT75r5djFOI,,,,,,,,,,,Prizm Zoysia,,,,,,,,,
N America,USA,Georgia,,Chattahoochee GC,Holiday,Public,,2021,,Bill Bergin,$2M,,,,,,,,,,,,,Renovate,Open,,RTJ Sr.,9/20/2023,34.3551938,-83.8645519,,https://pacersports.com/news/2023/9/17/mens-golf-pacers-set-for-mizuno-intercollegiate.asp,,,,,,,,,,,,,,,,,,,,,,
N America,USA,Georgia,,Dalton G&CC,Once,,,2021,,Bill Bergin,,,,,,,,,,,,,,Renovate,Open,,,11/4/2020,34.804291,-84.956077,,https://www.daltongcc.org/,,vUWIwsO0RmY,,,,,,,,,,,Bergin #5,bergingolf/status/1322260704251027456,Golf Georgia,,,,,,,
N America,USA,Georgia,,West Pines,Govt.,Public,,2021,,Bill Bergin,,,,,,,,,,,,,,Renovate,Open,,,1/13/2021,33.732166,-84.755925,,https://www.westpinesgc.com/aboutus/scorecard/,,,,,,,,,,,,,,,,,,,,,,
N America,USA,Illinois,,Tam O'Shanter,Holiday,Public,,2021,9,Lohmann Quitno,,,,,,,,,,,,,,Renovate,Open,,,6/7/2021,42.0332297,-87.8199068,,http://www.golftam.com/,,,,,,,,,,,,,,LohmannQuitno/status/1401866409563635714,Hole 1,,,,,,,
N America,USA,Indiana,,Harrison Lake,Holiday,Public,,2021,,Tim Liddy,,,,,Wadsworth,,,,,,,,,Renovate,Open,,,12/9/2021,39.1890773,-86.024121,,https://www.harrisonlakeclub.com/,,,,,,,,,,,,,,timliddy/status/1467902978799677454,Bob Haddad,,,,,,,
N America,USA,Indiana,,Long Beach CC,Once,Member,,2021,,Todd Clark,,,,,Servicescape,,,,,,,,,Renovate,Open,,,4/12/2021,41.744877,-86.850905,,https://www.longbeachcc.org/About_Us/History,,,,,,,,,,,,,,ce_golf/status/1380934702962507777,Reopeni,,,,,,,
N America,USA,Iowa,,The Meadows,Once,Member,,2021,,Norby,,,,,,,,,,,,,,Renovate,Open,,,6/25/2021,42.5140342,-90.7983365,,https://norbygolfdesign.com/the-meadows-golf-club,,,,,,,,,,,,,,gcamagazine/status/1408050216406822912,GCA,,,,,,,
N America,USA,Kansas,,Indian Hills CC,Once,,,2021,,Todd Clark,,,,,,,,,,,,,,Renovate,Open,,,11/29/2020,39.004774,-94.629821,,https://www.ihcckc.com/golf,,,cegolfdesign,cegolfdesign,,,,,,,,,,,,,,,,,,
N America,USA,Louisiana,,Mallard GC,Govt.,Public,,2021,,Blume,,,,,,,,,,,,,,Renovate,Open,,,9/9/2021,30.20995,-93.1553051,,https://www.cityoflakecharles.com/department/?fDD=10-0,,,,,,,,,,,,,,JeffBlumeASGCA/status/1403551472823029767,Overhead,,,,,,,
N America,USA,Louisiana,,Tamahka Trails,Govt.,Public,,2021,,Crace,,,,,,,,,,,,,,Renovate,Open,,,11/28/2020,31.106263,-92.078185,,http://tamahkatrails.com/,,,,,,,,,,,,,,lipouts/status/1331718887293988867,Hole 18,,,,,,,
N America,USA,Maryland,,Bethesda CC,Member,,,2021,,Joel Weiman,,,,,MacDonald & Sons,,,,,,,,,Renovate,Open,,,7/5/2022,39.0130556,-77.1553527,,https://www.golfcoursearchitecture.net/content/bethesda-renovation-aims-for-inspired-and-memorable-golf-experience,,,,,,,,,,,,Tanto Irrigation,,,,,,,,,,
N America,USA,Maryland,,Congressional Blue,Member,,100,2021,,Andrew Green,,,,,,,,,,,,,,Renovate,Open,,RTJ,6/10/2021,38.996246,-77.176435,,https://www.ccclub.org/,,2sSosWXHeoI,congressionalcountryclub,Congo,,,,,,,,,Superintendent Peter Wendt,GreenGCA/status/1402935706725629958,LPGA Championship,,,,,,,
N America,USA,Maryland,,Eisenhower,Govt.,Public,,2021,,Andrew Green,$5M,,,,Wadsworth,,,,,,,,1969,Renovate,Open,,Ault,9/2/2021,39.014877,-76.587132,,https://www.eisenhowergolf.com/,,IRKrJHvlB8g,,,,,220,,,,Preserve,,Green,,,,,,,,,
N America,USA,Maryland,,Green Spring Valley,Member,,,2021,,Tyler Rae,,,,,,,,,,,,,,Renovate,Open,,RTJ,8/1/2023,39.404599,-76.755828,,https://www.gsvhc.com/history,,,,,,,,,,,,,,TylerRaeDesign/status/1686359455888273408,GCSAA,,,,,,,
N America,USA,Massachusetts,,Country Club of Pittsfield,Once,Member,,2021,,Bruce Hepner,,,,,,,,,,,,,,Renovate,Open,,,11/14/2023,42.4266335,-73.2615149,,https://www.berkshireeagle.com/archives/timeless-beauty-at-country-club-of-pittsfield-getting-a-facelift-as-golf-course-looks-to/article_02b24a0c-236e-5132-812a-f757a54a73a9.html,,CVij8pWWzsQ,,,,,,,,,,,Design Meeting,,,,,,,,,
N America,USA,Michigan,,Bloomfield Hills ,Member,,,2021,,DeVries Pont ,,,,,LaBar,,,,,,,,,Renovate,Open,,Colt,5/31/2021,42.58291,-83.254828,,https://www.bloomfieldhillscc.org/,,,,,,,,,,,LaBar,,,cdpgolf1/status/1399094165275824130,Open,,,,,,,
N America,USA,Michigan,,Blythefield CC,Once,,,2021,,Chris Wilczynski,,,,,MacCurrach,,,,,,,,,Renovate,Open,,Langford Moreau,11/28/2020,43.066087,-85.583413,,https://www.blythefieldcc.org/,,F7MdWgHztz0,,,,,,,,,,,20-Jul,gcamagazine/status/1328275011107340288,GCA,,,,,,,
N America,USA,Michigan,,Oakland Hills South,Member,,100,2021,,Gil Hanse ,$12M,,,,,,,,,,,,,Renovate,Open,,Ross RTJ ,7/20/2021,42.5439,-83.279876,,https://www.oaklandhillscc.com/,,h_ygielCaKU,,,,,,,,,,,Steve Brady,gcamagazine/status/1408355692956762116,GCA,,,,,,,
N America,USA,Michigan,,Pine River,Once,Member,,2021,,Chris Wilczynski,,,,,Great Lakes,,,,,,,,1929,Renovate,Open,,,9/7/2021,43.379511,-84.686489,,https://www.pinerivercc.net,,,,,,,,,,,,,,,,,,,,,,
N America,USA,Michigan,,Plum Hollow CC,Once,,,2021,,Rogers,,,,,MacCurrach ,,,,,,,,,Renovate,Open,,Alison Colt,8/18/2021,42.451332,-83.264765,,https://www.plumhollowcc.com/,,VY8PjwOzHwI,plumhollowcc,Plum,,,,,,,,,History,,,,,,,,,
N America,USA,Michigan,,Red Run,Once,Member,,2021,,Bruce Hepner,,,,,,,,,,,,,,Renovate,Open,,Bendelow Park Jr.,8/18/2021,42.5067803,-83.1449178,,https://www.redrungolfclub.com/golf,,tU_3EmkzijM,,,,,,,,,,,Restoration Plan,,,,,,,,,
N America,USA,Minnesota,,Midland Hills,Once,,,2021,,Jim Urbina,$2M,,,,,,,,,,,,,Renovate,Open,,Raynor,10/29/2021,45.001319,-93.196865,,http://www.midlandhillscc.org/,,,,,,,,,,,,,,Golf_Crazed/status/1292901144977723394,Number 1,,,,,,,
N America,USA,Mississippi,,Refuge,Govt.,Public,,2021,,Crace,$1.9M,,,,Eagle Golf,,,,,,,,,Renovate,Open,,Case ,5/1/2021,32.315922,-90.097756,,http://www.refugegolf.com/,,,,,,,,,,,,,,apocalypse422/status/976158552581660673,Plan,,,,,,,
N America,USA,Missouri,Camdenton,Lake Valley,Holiday,Public,,2021,,Todd Clark,,,,,Mammoth Sports,,,,Better Billy,Premier Sand Arkansas,,,,Renovate,Open,,,3/3/2021,37.987775,-92.802079,,http://www.lakevalleygolf.com/,,,,,,,,,,,Bunkers,,,,,,,,,,,
N America,USA,Missouri,,Legends CC,Once,Member,,2021,,Schaupeter,$1.4M,,,,,,,,,,,,,Renovate,Open,,RTJ,4/25/2021,38.497542,-90.653137,,https://www.thelegendsgolf.com/,,,,,,,,,,,,,,GCImagazine/status/1386311533764898827,Update,,,,,,,
N America,USA,Missouri,,Meadowbrook CC,Once,,,2021,,Hargrave,,,,,,,,,,,,,,Renovate,Ongoing,,,9/26/2020,38.616258,-90.567921,,https://www.meabrk.org/,,QGeTJzmsGcw,,,,,,,,,Bunkers,,Front 9,,,,,,,,,
N America,USA,New Jersey,,Hollywood,Once,Member,,2021,,Brian Schneider,,,,,LaBar,,,,,,,,1918,Renovate,Open,,Travis,4/16/2021,40.250788,-74.022091,,https://www.hollywoodgolfclub.org/club/scripts/custom/custom.asp?NS=GP&PAGECFG=COURSETOUR,,,,,7040,,,,,,,,,,,,,,,,,
N America,USA,New Jersey,,Laurel Creek CC,Once,Member,,2021,,Andrew Green,,,,,,,,,,,,,,Masterplan,Open,,,11/12/2023,39.9928036,-74.8878356,,https://laurelcreeksuper.blogspot.com/2022/08/construction-update.html,,,,,,,,,,,,,,,,,,,,,,
N America,USA,New Jersey,,Montclair,Once,,,2021,,McDonald Schneider,,,,,,,,,,,,,,Renovate,Open,,Ross Banks,11/28/2020,40.817945,-74.242732,,https://www.montclairgolfclub.org/,,,montclairgolfclub,Montclair,,,,,,,3rd nine,,,GreenMontclair/status/1330237279567294465, Nov 2020,,,,,,,
N America,USA,New Jersey,,Pinelands,Holiday,Public,,2021,,Kay,,,,,George Ley,,,,,,,,,Renovate,Open,,,8/1/2023,39.6294952,-74.8686928,,https://atlanticcityweekly.com/arts_and_entertainment/pinelands-golf-club-becoming-a-big-player-in-south-jersey/article_b7fce53a-e8a5-11eb-b1c3-5f759c0bf817.html,,,,,,,,,,,TriCure AD,,,,,,,,,,,
N America,USA,New Jersey,,The Shore,Once,Member,,2021,20,Tyler Rae,,,,,,,,,,,,,,Renovate,Open,,Stiles,3/9/2021,39.053555,-74.841245,,https://www.myshoreclub.com/courseinfo,,,tsc_greens,TSC,,,110,,,,,,,,,,,,,,,
N America,USA,New Jersey,,Stone Harbor,Once,Member,,2021,,Tyler Rae,,,,,,,,,,,,,,Renovate,Open,,Muirhead,7/8/2023,39.1059738,-74.8781151,,https://www.stoneharborgolf.com/Default.aspx?p=dynamicmodule&pageid=170&ssid=100178&vnf=1,,,,,,,,,,,Heritage Golf Group Acquisition June 2023,,,,,,,,,,,
N America,USA,New York,,Nassau CC,Once,Member,,2021,,Fazio Marzolf,,,,,,,,,,,,,,Renovate,Open,,,10/17/2021,40.869775,-73.618518,,https://www.nassaucc.com/index.cfm,,,,,,,,,,,,,,,,,,,,,,
N America,USA,New York,,Summit Armonk,Once,,,2021,,Rees Jones,,,,,,,,,,,,,,Renovate,Open,,,8/13/2021,41.009398,-73.745741,,https://thesummitclub.net/,,,,,,,,,,,Brynwood,,,Golfdom/status/1420851663238270983,Open,,,,,,,
N America,USA,New York,,Manhattan Woods,Once,Member,,2021,,Kovich,,,,,,,,,,,,,,Renovate,Open,,,12/28/2020,41.069599,-73.989432,,https://mwgolf.club/,,,,,,,,,,,,,,,,,,,,,,
N America,USA,North Carolina,,Highlands Falls ,Once,,,2021,,Bill Bergin,,,,,,,,,,,,,,Renovate,Open,,Lee ,2/5/2021,35.070768,-83.186975,,https://www.clubhfcc.com/,,fLg-fR34Bf8,,,,,,,,,,,Highlands NC,bergingolf/status/1357474110595624960,Par 4,,,,,,,
N America,USA,North Carolina,,Highlands CC,Once,Member,,2021,,Forse,,,,,,,,,,,,,,Masterplan,Open,,Ross,5/23/2021,35.052845,-83.219518,,https://www.highlandscountryclub.com/golf,,,,,,,,,,,,,,hccsuper/status/1232484096879648770,Stiehler,,,,,,,
N America,USA,North Carolina,,Trump Charlotte,Once,Member,,2021,,-,,,,,Labar,,,,,,,,,Renovate,Open,,,10/31/2022,35.5327605,-80.9207229,,https://www.facebook.com/TrumpCharlotte/,,,labargolfrenovations,Bunkers,,,,,,,,,,,,,,,,,,
N America,USA,Ohio,,Coldstream,Once,Member,,2021,,Keith Foster,,,,,,,,,,,,,,Renovate,Open,,Wilson,11/1/2022,39.049169,-84.3505,,https://www.coldstreamcc.com/,,,,,,,,,,,,,,feedtheball/status/1591210562360266752,Derek Duncan,,,,,,,
N America,USA,Ohio,,Columbus CC,Once,,,2021,,Hargrave,,,,,,,,,,,,,,Renovate,Open,,Ross,9/29/2020,39.973175,-82.86862,,https://www.columbuscc.com/,,,,,,,,,,,,,,,,,,,,,,
N America,USA,Ohio,,Kenwood CC Kendale,Once,,,2021,,Straka Fry,$5M,,,,Wadsworth,,,,,,,,1930,Renovate,Open,,Diddle,11/28/2020,39.183552,-84.388511,,https://www.kenwoodcc.com/,,Vwb6_iX9_NQ,kenwoodcc,Kenwood,,,170,,,,,,June,,,,,,,,,
N America,USA,Ohio,,Muirfield Village ,Member,,100,2021,,Nicklaus Design,,,,,LaBar,,,,,,,,,Renovate,Open,,,6/5/2021,40.140485,-83.143112,,https://caddies.pgatourhq.com/static-assets/uploads/muirfield-course-renovation-update-2020.pdf,,UGdEegxu8e4,muirfieldvillagegolfclub,MV,,,,,,,,,GOLF,jacknicklaus/status/1289643218586353664,Onsite,,,,,,,
N America,USA,Pennsylvania,,Llanerch,Once,,,2021,,Brian Schneider,,,Blake Conant,,Total Turf,,,,,,,,,Renovate,Open,,Findlay,9/22/2020,39.969899,-75.316354,,https://www.llanerchcc.org,,,llanerchcc,Llanerch,,,,,,,,,,castaldi_tom/status/1331967398950432770,Philly Golf,,,,,,,
N America,USA,Pennsylvania,,Philadelpha CC Cen.,Member,,,2021,,Forse Nagle,,,,,Mottin,,,,,,,,,Renovate,Open,,Flynn,9/23/2020,40.062326,-75.294328,,https://www.philadelphiacc.net/,,gy-gmw6ekS0,,,,,,,,,Mottin,,Hole 4 2018,,,,,,,,,
N America,USA,Pennsylvania,,Waynesborough,Once,Member,,2021,,Andrew Green,,,,,,,,,,,,,1965,Renovate,Open,,G Fazio,12/19/2022,40.026873,-75.4675964,,https://www.wcc1965.org/golf,,,,,,,,,,,,,,TurfBergers/status/1520134254981701633,Front 9,,,,,,,
N America,USA,Pennsylvania,,McCall GC,Once,Member,,2021,,Forse Nagle,,,,,,,,,,,,,,Renovate,Open,,Ross Flynn,4/28/2021,39.976851,-75.316539,,https://static1.squarespace.com/static/5cb77ff54d8711d2a79f2eeb/t/5fdcc94f57b8971cd7a87c63/1608304976601/December+2020.pdf,,fEh_agPaZ5Y,,,5000,,,,,,,,Timeline,wvugolfarchie/status/1387063500787363841,Nagle,,,,,,,
N America,USA,South Carolina,,Briar’s Creek,Once,,,2021,,Rees Jones,$6.5M,,,,,,,,,,,,,Renovate,Open,,,1/28/2021,32.766279,-80.168921,,http://www.briarscreek.com/,,,,,,,,,,,,,,GOLFRealtyBUZZ/status/1352393773804908544,Strategic golf,,,,,,,
N America,USA,South Carolina,,Greer,Once,,,2021,,Lawrence,,,,,,,,,,,,,,Renovate,Open,,,1/31/2021,34.282158,-82.582872,,https://www.greergolf.com/gallery,,s8OI0zcYPzA,greergolfcourse,Greer,,,,,,,,,Tahoma 31,,,,,,,,,
N America,USA,South Carolina,,Seabrook Ocean Winds,Once,,,2021,,Swanson Jones,,,,,,,,,,,,,,Renovate,Open,,Byrd,11/15/2021,32.566428,-80.18083,,https://www.seabrookisland.com/golf/ocean-winds/,,rLe7DMnxI9U,,,,,,,,,,,Bryce Swanson,,,,,,,,,
N America,USA,South Carolina,,Sea Pines,Once,Public,,2021,,Smith,,,,,MacCurrach,http://www.maccurrachgolf.com/,,,Capillary Concrete,,TifEagle,,,Renovate,Open,,Palmer,9/29/2021,32.155769,-80.778329,,https://www.golfcourseindustry.com/article/sea-pines-country-club-golf-course-enhancements/,,,,,,,,,,,,,,maccurrachgolf/status/1443259853196210178,TifEagle Greens,,,,,,,
N America,USA,South Carolina,,Patriot Grand Harbor,Once,Member,,2021,,Sherman Love,,,,,,,,,,,,,,Renovate,Open,,,8/1/2022,34.206727,-81.971309,,https://grandharbor.net/,,qoGN8u0fxGE,scotsherman,Sherman,,,,,,,,,2016,Love3GolfDesign/status/1357079058128003075,Bunker liner,,,,,,,
N America,USA,South Carolina,Myrtle Beach,Pine Lakes,Holiday,Public,,2021,,Todd Schreiner,,,,,,,,,,,Sunday Bermudagrass,,1927,Renovate,Open,,White,12/23/2021,33.734829,-78.853925,,https://www.golfcourseindustry.com/article/pine-lakes-sunday-bermudagrass-restoration/,,,,,,,,,,,Open July 22,,,,,,,Founders Group International President Steve Mays,,,,
N America,USA,South Carolina,,Ware Shoals,Govt.,Public,,2021,,Scot Sherman,,,,,,,,,,,,,,Renovate,Open,,,3/2/2021,34.44305,-82.662096,,https://www.instagram.com/p/CLsMBgnlFhM/,,,scotsherman,Sherman,,,,,,,9 holes,,,,,,,,,,,
N America,USA,South Dakota,Aberdeen,Lee Park,Govt.,Public,,2021,,Norby,,,,,,,,,,,,,,Renovate,Open,,,3/5/2021,45.47766,-100.746412,,https://www.aberdeen.sd.us/DocumentCenter/View/8005/LPGC-Renovate-Plans,,,,,,,,,,,,,,golfnorby/status/1367709601412571136,14th hole,,,,,,,
N America,USA,Tennessee,,Cherokee CC,Once,,,2021,,Tyler Rae,,,,,,,,,,,,,,Renovate,Open,,,1/27/2021,35.933346,-83.989306,,https://www.cherokeecountryclub.com/,,,,,,,,,,,,,,TylerRaeDesign/status/1354178392598458368,88 Acres,,,,,,,
N America,USA,Texas,,Hills of Lakeway,Once,Member,,2021,,Nicklaus,,,,,,,,,,,,,,Renovate,Open,,,12/7/2021,30.347242,-97.989403,,https://www.clubcorp.com/Clubs/The-Hills-of-Lakeway,,MX3g2HPBJvc,hillsoflakewaycc,Real estate golf,,,,,,,,,Opening tee shot,GOLFRealtyBUZZ/status/1334606906174926848,Golf Realty,,,,,,,
N America,USA,Texas,,Olmos Basin,Govt.,Public,,2021,,Blume,$4M,,,,Wadsworth,,,,,,,,1963,Renovate,Open,,,12/26/2021,29.495717,-98.490562,,https://www.alamocitygolftrail.com/olmos-basin-improvements/,,,,,,,,,,,McKush,,,AlamoCityGolf/status/1407693686008385538,Hole 12,,,Greg McKush,,,,
N America,USA,Washington,,Wing Point,Once,,,2021,,Jeff Mingay,,,,,,,,,,,,,,Renovate,Open,,,9/22/2020,47.631541,-122.640671,,https://www.wingpointgolf.com/,,un17EIBuubQ,,,,,,,,,Bainbridge,,2016 Mingay,,,,,,,,,
N America,USA,Wisconsin,,Pine Hills CC,Once,,,2021,,Rogers,,,,,,,,,,,,,,Renovate,Open,,Langford,4/21/2022,43.76653,-87.774341,,https://www.pinehillscc.com/golf/course-improvement-blog-204.html,,,,,,,,,,,,,,BryanTweed16/status/1240679027716886529,Golf Course Photographer,,,,,,,
N America,USA,Wyoming,,Teton Pines,Once,Member,,2021,,Hochstein Layton,,,,,,,,,,,,,,Renovate,Open,,Palmer,6/14/2022,43.528607,-110.880638,,https://www.tetonpines.com/golf,,,,,,,,,,,,,,,,,,,,,,
Africa,South Africa,Pretoria,,Blair Atholl,Holiday,Public,,2021,,Ingadi,,,,,,,,,,,,,,Renovate,Open,,Player,4/26/2021,-25.908564,27.631332,,http://www.blairatholl.co.za/pages/golf-course.html,,BNhf_rYDktQ,,,,,,,,,,,Golf Hotel,,,,,,,,,
Asia,China,Hong Kong,,Discovery Bay Ruby,Holiday,,,2021,,Swanson,,,,,,,,,,,,,,Renovate,Open,,RTJ,11/24/2020,22.2875,114.003084,,https://www.facebook.com/Swanson-Golf-Design-230333973676721/photos/pcb.3548466815196737/3548466011863484,,,,,,,,,,,,,,,,,,,,,,
Asia,China,Zhejiang,,Westlake,Once,Member,,2021,,Nicklaus Design,,,,,,,,,,,,,,Renovate,Open,,Nicklaus,9/30/2023,30.1732797,120.0678437,,https://golf.com/travel/asian-games-renovated-nicklaus-course-westlake/,,,,,,,,,,,,,,,,,,,,,,
Asia,India,Bangalore,,East Point,Once,Member,,2021,,,,,,,,,,,,,,,,Renovate,Open,,,3/22/2021,17.763562,83.299388,,http://epgc.in/aboutHistory.aspx,,,,,,,,,,,,,,,,,,,,,,
Asia,Saudi,Riyadh,,Dirab G&CC,Holiday,Member,,2021,,,,,,,,,,,,,,,,Renovate,Open,,,11/22/2021,24.4340201,46.488553,,https://dirabgolf.com/golf-course/,,,,,,,,,,,Majed Al-Sorour,,,,,,,,,,,
Asia,Singapore,Singapore,,Singapore Island CC,Once,Member,,2021,,Graham Marsh,,,,,,,,,,,,,,Renovate,Open,,Pennick Thompson,7/30/2021,1.342997,103.811229,,https://gis.sicc.org.sg/?page_id=7709,,1jvzauJKyH4,,,,,,,,,27 holes,,Club Video,gcamagazine/status/1326526576289263616,Urban Country Club,,,,,,,
AU/NZ,Australia,NSW,,Hurstville GC,Holiday,Member,,2021,,TBA,$1.1M,,,,,,,,,,,,,Renovate,Open,,,12/4/2020,-33.981212,151.018851,,https://hurstvillegolf.com.au/,,,,,,,,,,,,,,,,,,,,,,
AU/NZ,Australia,NSW,,Palm Beach GC,Holiday,Public,,2021,9,Parry,$0.7M,,,,,,,,,,,,,Renovate,Open,,,6/30/2021,-33.5922437,151.319526,,https://www.palmbeachgolf.com.au/,,,,,,,,,,,,,,,,,,,,,,
AU/NZ,Australia,NSW,,Pymble,Holiday,Public,,2021,,Wilcher,,,,,,,,,,,,,,Renovate,Open,,,12/28/2021,-33.7307466,151.1532443,,https://www.pymblegolf.com.au,,,,,,,,,,,Golf by Design,,,AdrianLogue/status/1474332954381852678,Hole 11,,,,,,,
AU/NZ,Australia,NSW,,Wakehurst,Holiday,Member,,2021,,Brown Parry,,,,,,,,,,,,,,Renovate,Open,,,11/7/2021,-33.7802544,151.2438049,,https://wakehurstgolf.com.au/,,,wakehurstgolfclub,Club,,,,,,,,,,AdrianBoyleGolf/status/1456421398671462405,4 Greens,,,,,,,
AU/NZ,Australia,Perth,,Fremantle GC,Holiday,Member,,2021,,Chamberlain,,,,,,,,,,,,,,Renovate,Open,,,1/7/2021,-32.103235,115.458105,,https://freoview.wordpress.com/2019/12/20/new-freo-public-golf-course-plans/,,,,,,,,,,,,,,,,,,,,,,
AU/NZ,NZ,North Island,,Riverside Lochiel,Holiday,Member,,2021,,RBT Tataurangi,$7M,,,,,,,,,,,,,Renovate,Open,,,3/7/2021,-37.841302,175.347049,,https://www.riversidegolf.co.nz,,,,,,,,,,,,,,,,,,,,,,
AU/NZ,NZ,North Island,Auckland,Omaha Beach,Holiday,Member,,2021,,Kura Kerr,,,,,,,,,,,,,,Renovate,Open,,,4/22/2021,-36.332261,174.632966,,https://www.omahagolf.co.nz/golf-course/hole-15/,,XuQ3M7r0ryU,,,,,,,,,,,Hole 15,,,,,,,,,
Europe,Austria,Vienna,,Fontana,Holiday,Member,,2021,,Doug Carrick,,,,,,,,,,,,,,Renovate,Open,,,7/27/2021,47.977462,16.31175,,https://fontana.at/,,Gb_VPMKWMCo,,,,,,,,,,,Topiary,,,,,,,,,
Europe,Cyprus,Paphos,,Minthis GC,Holiday,Member,,2021,,Mackenzie,$6M,,,,,,,,,,,,,Renovate,Open,,,5/7/2021,34.823108,32.496176,,https://www.minthisresort.com/,,,,,6500,,,,,,Greens,,,Dest_golfguide/status/1390285690181672968,DP World Tour,,,,,,,
Europe,Czech Republic,Czech,,Albatross,Holiday,,,2021,,Davison,,,,,,,,,,,,,,Renovate,Open,,,2/26/2022,49.995548,14.196421,,https://albatross.cz/cs/,,,,,,,,,,,,,,creategolf/status/1485586932272881669,Bunkers,,,,,,,
Europe,Finland,Finland,,Kytäjä South East,Holiday,Member,,2021,,Illonen,,,,,,,,,,,,,,Renovate,Open,,McBroom,2/2/2021,60.607509,24.61803,,https://kytajagolf.fi/,,,,,,,,,,,,,,,,,,,,,,
Europe,France,South,,Vidauban,Once,Member,,2021,,RTJ II,,,,,MJ Abbott,,,,,,,,,Renovate,Open,,RTJ,9/22/2021,43.394194,6.459889,,http://www.vidaubangolfclub.com/,,,rtj2golfdesign,RTJ II,,,,,,,,,,RTJ2GolfDesign/status/1422732780086206464,Private club,,,,,,,
Europe,Germany,Dusseldurf,,Niederrheinischer,Holiday,Member,,2021,,Angela Moser,,,,,,,,,,,,,,Renovate,Open,,,2/25/2021,51.378977,6.781409,,https://ngcd.de/,,,mosergolf,Angela Moser,,,,,,,Bunkers,,,,,,https://www.moseronadozer.com/projects,,,,,
Europe,Germany,Frankfurt,,Hof Hausen,Holiday,,,2021,,VanderVaart,,,,,,,,,,,,,,Renovate,Open,,,10/8/2020,50.11356,8.457676,,https://www.hofhausengolf.de/,,,,,,,,,,,,,,,,,,,,,,
Europe,Germany,Hamburg,,Hamburger Falkenstein,Holiday,,100,2021,,Frank Pont Hendrick Hilgert,,,,,,,,,,,,,,Renovate,Open,,Colt,3/1/2021,53.57247,9.772146,,https://www.golfclub-falkenstein.de/,,,,,,,,,,,Bunkers,,,cdpgolf1/status/1366437446590816262,Update,,,,,,,
Europe,Germany,Hamburg,,Maritim Golfpark Ostsee,Holiday,,,2021,,Frank Pont Hendrick Hilgert,,,,,,,,,,,,,,Renovate,Open,,,9/22/2020,53.965518,10.807249,,https://www.maritim.com/en/golfpark,,,,,,,,,,,,,,,,,,,,,,
Europe,Germany,Rhinesland,,Aachener GC,Holiday,,,2021,,Angela Moser,,,,,,,,,,,,,1927,Renovate,Open,,Colt,3/1/2021,50.782546,5.961295,,https://www.aachener-golfclub.de/,,,,,,,,,,,,,,,,,,,,,,
Europe,Italy,Roma,,Marco Simone,Holiday,,,2021,,Sampson Slessor,,,,Fazio II ,SOL Golf,,,,@CapConGolf,,,,,Renovate,Open,,Simone,8/7/2021,41.959633,12.629589,,http://www.golfmarcosimone.com/en/,,lG-OAQfUFGQ,,,,,,,,,Ryder Cup,,As of 2020,eurogolfdesign/status/1365689886553083913,Design PGA Tour,,,,,,,
Europe,Italy,Sicily,,Verdura,Holiday,,,2021,,Kyle Phillips,,,,,Swilken Landscaping,,,,,,,,,Renovate,Open,,,10/18/2021,37.469316,13.194998,,https://www.golfcoursearchitecture.net/content/redesigned-east-course-opens-at-verdura-resort,,TSx8HxlxYtk,,,,,,,,,Flooding,,East,Verdura_Resort/status/1399758355279794184,Winter Holiday Golf,,,,,,,
Europe,Netherlands,Utrecht,,Amelisweerd GC,Holiday,Member,,2021,,Spogard van der Vaart,,,,,,,,,,,,,,Renovate,Open,,,11/22/2021,52.063108,5.1487988,,https://www.amelisweerd.nl/,,,,,,,,,,,,,,,,,,,,,,
Europe,Spain,Barcelona,,Terramar Golf Club,Holiday,Member,,2021,,Martin Ebert,,,,,,,,,,,,,,Renovate,Open,,,12/24/2021,41.226601,1.746117,,https://golfindustria.es/el-club-de-golf-terramar-inaugurara-el-proximo-jueves-13-los-tres-nuevos-hoyos-que-completan-su-recorrido/,,cKsvKR3qPNA,,,,,,,,,,,After,,,,,,,,,
Europe,Spain,Girona,,Empordà Golf,Holiday,Public,,2021,,In-house,,,,,,,,,,,,,,Renovate,Open,,Von Hagge,8/7/2022,42.013819,3.136618,,https://www.empordagolf.com/ca/,,,empordagolf,Emporda,,,,,,,,,,,,,,,,,,
Europe,Spain,Madrid,,Villa Madrid,Holiday,Member,,2021,,Olazabal,,,,,,,,,,,,,,Renovate,Open,,Ballesteros,6/11/2021,40.4459361,-3.7546593,,https://www.ccvm.es/es/deportes/golf/ultimas-noticias,,,,,,,,,,,Yellow,,,,,,,,,,,
Europe,Spain,Madrid,,Club Puerta de Hierro,Member,,100,2021,,Frank Pont,,,,,,,,,,,,,,Renovate,Open,,Colt,9/22/2020,40.460686,-3.736681,,https://www.rcphierro.com/index.php,,,,,,,,,,,Upper,,,conorWalsh11/status/1331311836390678528,Historic Design Renovation,,,,,,,
Europe,Spain,Malaga,,La Cala,Holiday,Public,,2021,,,,,,,,,,,,,,,,Renovate,Open,,Robinson,11/22/2021,36.5409685,-4.7250761,,https://www.lacala.com/golf/,,,,,,,,,,,,,,,,,,,,,,
Europe,Spain,San Roque,,San Roque Old,Holiday,Member,,2021,,Clarkin,,,,,Atlantic,,,,,,,,,Renovate,Open,,Thomas,4/28/2021,36.266015,-5.338205,,https://www.sanroqueclub.com/,,oLZ0m7rDfDo,,,,,,,,,Dundas,,Regrass,TurfgrassC/status/1276520600723509249,Green 18,,,,,,,
Europe,Spain,Valencia,,La Sella,Holiday,Public,,2021,,Olazabal,,,,,Golf Técnicas,,,,,,,,,Renovate,Open,,,11/23/2021,38.8069486,0.0717002,,https://lasellagolf.com/,,,,,,,,,,,Mestral,,,SerranoCorbella/status/1462834746338201600,Holiday Golf,,,,,,,
Europe,Sweden,Sweden,,Djursholms,Holiday,Member,,2021,,Caspar Grauballe,,,,,,,,,,,,,,Renovate,Open,,,8/17/2020,59.414176,18.07817,,http://www.dgk.nu/,,punzLudl5Oo,,,,,,,,,,,2017,,,,,,,,,
GB&I,England,Berkshire,,Beaconsfield,Holiday,,,2021,,Martin Hawtree,,,,,,,,,,,,,,Renovate,Open,,Colt,1/16/2021,51.609688,-0.61073,,https://www.beaconsfieldgolfclub.co.uk/,,,,,,,,,,,,,,langhorn_stuart/status/1350136761956118532,Bunkers,,,,,,,
GB&I,England,Derbyshire,,Cavendish,Holiday,,,2021,,Jonathan Gaunt,,,,,,,,,,,,,,Renovate,Open,,MacKenzie,12/4/2020,53.260671,-1.931618,,https://www.golfcoursearchitecture.net/content/jonathan-gaunt-under-way-with-centenary-project-at-cavendish,,,,,,,,,,,,,,cc_golfscapes/status/1332384484864483329,Parkland Golf,,,,,,,
GB&I,England,Devon,,Royal North Devon,Holiday,,100,2021,,Mackenzie Ebert,,,,,,,,,,,,,,Renovate,Open,,Morris,9/10/2020,51.045417,-5.342506,,http://www.royalnorthdevongolfclub.co.uk/,,WfPlvjs2qZg,,,,,,,,,Erosion,,8th hole,,,,,,,,,
GB&I,England,Kent,,Chart Hills,Holiday,,,2021,,Smyers Faldo,,,,,,,,,,,,,,Renovate,Open,,,5/5/2021,51.133257,0.645908,,https://charthills.co.uk/,,EeCFWwAoxTc,charthillsgolfclub,charthillsgolfclub,,,,,,,,,Opening,Charthills/status/1308065981806379010,Green 18,,,,,,,
GB&I,England,Reading,,Caversham Heath,Holiday,,,2021,,McBroom,,,,,,,,,,,,,,Renovate,Open,,,10/2/2020,51.464912,-1.019179,,https://www.cavershamgolf.co.uk/,,Hv9hekAeEL4,,,,,,,,,,,Hole 6,TomMcBroom/status/1278319380296761345,Golf England,,,,,,,
GB&I,England,Southport,,Hillside,Holiday,,,2021,,Mackenzie Ebert,,,,,HML,,,,,,,,,Renovate,Open,,Hawtree,1/30/2022,53.619927,-4.148101,,http://www.hillside-golfclub.co.uk/,,xbxQ3Dsx7YI,,,,,,,,,,,Links Golf,Hillside_GC/status/1487108374026194949,European Tour,,,,,,,
GB&I,England,Surrey,,New Zealand,Holiday,,,2021,,Pont Walsh,,,,,,,,,,,,,,Renovate,Open,,Simpson,3/24/2021,51.34104,-0.802667,,https://www.nzgc.org/,,,,,,,,,,,,,,cdpgolf1/status/1373571937537040384,Hole 9,,,,,,,
GB&I,Ireland,Cork,,Tralee,Holiday,,,2021,,Webster,,,,,,,,,,,,,,Renovate,Open,,Palmer Seay,12/12/2020,52.301344,-9.860014,,https://traleegolfclub.com/,,,,,,,,,,,,,,traleegolflinks/status/1337405543657459713,Hole 7,,,,,,,
GB&I,No. Ireland,Down,,Ardglass,Holiday,,,2021,,Ken Kearney,,,,,,,,,,,,,,Renovate,Open,,David Jones,11/25/2020,54.258457,-5.60804,,https://www.ardglassgolfclub.com,,OCCoqrrLqfU,ardglassgolf,Ardglass,,,,,,,,,Paul Vaughan,KenKearneyGD/status/1326942654375063553,Irish Clifftop,,,,,,,
GB&I,Scotland,Ayshire,,Royal Troon Portland,Holiday,,,2021,,Martin Ebert,,,,,,,,,,,,,,Renovate,Open,,,12/9/2020,55.532714,-4.651851,,https://www.royaltroon.co.uk/,,zE6VNLgVSso,,,,,,,,,,,Hole 9,Scoot_1988/status/1316325943154290689,Hole 9,,,,,,,
L America,Brazil,Itatiba,,Santapazienza,Member,,100,2021,,Logan Fazio,,,,,,,,,,,,,,Renovate,Open,,Tom Fazio,5/2/2020,-23.065522,-46.833755,,https://www.top100golfcourses.com/golf-course/santapazienza,,,,,,,,,,,,,,,,Maybe,,,,,,
L America,Colombia,Atlantico,,Barranquilla,Holiday,Public,,2021,,Joe Jemsek,,,,,,,,,,,,,,Renovate,Open,,,2/1/2021,11.005344,-75.924908,,https://country.com.co/deportes/golf/,,,,,,,,,,,,,,jemsekgolf/status/1072181974121570305,Sand trap,,,,,,,
L America,Colombia,Bogotá,,Briceño 18,Holiday,Public,,2021,,Agustin Piza,,,,,,,,,,,,,,Renovate,Open,,,6/14/2021,4.937556,-76.206159,,https://briceno18.co/campo-de-golf/instalaciones-horarios-y-precios/,,,,,,,,,,,Vinasco,,,,,,,,,,,
L America,St. Lucia,Cap Estate,,Sandals,Holiday,,,2021,,Greg Norman,,,,,,,,,,,,,,Renovate,Open,,,1/17/2021,14.091271,-60.967279,,https://www.thevoiceslu.com/2019/07/golf-sandals-diamond-in-the-rough-to-open-february-2020/,,,,,,,,,,,,,,,,,,,,,,
N America,USA,Louisiana,,TPC Louisiana,Public,Public,,2021,,Claytor,,,,,Duininck,,,,,,,,,Renovation,Open,,Dye,5/7/2021,29.9023741,-90.1914283,,https://tpc.com/louisiana/,,e-yFVsJvcMo,,,,,,,,,,,Flyover,,,,,,,,,
N America,Canada,Ontario,,Hamilton,Member,,100,2021,,Martin Ebert,,,,,,,,,,,,,,Restore,Open,,Colt Robinson,11/7/2021,43.218889,-79.979133,,http://www.hgcc.ca,,,hamiltongolfandcountryclub,Hamilton,,,,,,,East 9,,,drewharvie/status/1324477474403594240,Images,,,,,,,
N America,USA,Florida,Vero Beach,Grand Harbor Harbor,Member,Member,,2021,,Lutzke Shaw,,,,,,,,,,,,,,Restore,Open,,Dye,12/21/2021,27.6418916,-80.3775635,,https://grandharbor.com/,,QhVmvH3vKEg,,,,,,,,,,,Breda,TimGavrich/status/1436099369703510020,Open,,,,,,,
N America,USA,Florida,,Kensington G&CC,Once,Member,,2021,,RTJ Charlton,$7.2M,,,,,,,,,,,,,Restore,Open,,RTJ Sr.,11/12/2021,26.210738,-81.758156,,https://kensingtoncc.com/,,hEEz52nNQBI,,,,,,,,,,,Charlton,,,,,,,,,
N America,USA,Massachusetts,,The Country Club ,Member,,100,2021,,Gil Hanse ,,,,,MAS,,,,,,,,,Restore,Open,,Flynn,11/28/2020,42.314817,-71.150015,,https://www.tcclub.org/,,,,,,,,,,,2022,,,,,,,,,,,
N America,USA,New Jersey,,Baltusrol Lower,Member,,100,2021,,Gil Hanse ,$17.3M,,,,Total Turf,,Greg Boring,Tonto,,,,,,Restore,Open,,Tillinghast ,5/18/2021,40.704635,-74.332672,,https://www.baltusrol.org/,,,,,,,,,,,,,,Evan_Schiller/status/1391571830255783936, May 2021,,,,,,,
N America,USA,New Jersey,,Hendricks Field,Govt.,Public,,2021,,Kay,$5.1M,,,,Turco Golf,,,,,,,,,Restore,Open,,Banks,8/27/2021,40.7960154,-74.1708975,,https://golfclubatlas.com/feature-interview/feature-interview-with-ed-brockner/,,,,,,,,,,,,,,,,,,,,,,
N America,USA,New York,,Blind Brook,Member,,,2021,,Jim Urbina,,,,,,,,,,,,,,Restore,Open,,Raynor,6/16/2021,41.042317,-73.687903,,https://www.blindbrookclub.org/,,,,,,,,,,,,,,,,,,,,,,
N America,USA,North Carolina,,Southern Pines,Holiday,,,2021,,Kyle Franz,,,,,,,,,,,,,,Restore,Open,,Ross,9/10/2021,35.164663,-79.399928,,https://www.southernpinesgolfclub.com/restoration/,,PYN1ZohK7K0,southernpines.golfclub,,,,,,,,Kelly Miller,,Interview,SHistorians/status/1355149606531846154,Carolina Sand Jills,,,,,,,
N America,USA,Ohio,,Terrace Park,Once,,,2021,,Andy Staples,,,,,,,,,,,,,,Restore,Open,,Travis,4/25/2021,39.157495,-84.293013,,https://www.terraceparkcc.com/,,,,,,,,,,,,,,TerraceParkCC/status/1385997211276914688,Hole 13,,,,,,,
N America,USA,Oklahoma,,Cedar Creek GC,Once,,,2021,,Craig,,,,,,,,,,,,,,Restore,Open,,,4/20/2021,34.205346,-95.011494,,https://golfoklahoma.org/cedar-creek-golf-course-to-celebrate-first-phase-of-improvements/,,,,,,,,,,,Broken Bow,,,craig_colton/status/1296561952618164225,Bunkerless,,,,,,,
N America,USA,Vermont,,Burlington CC ,Once,,,2021,,McNeil ,,,,,,,,,,,,,,Restore,Open,,Ross,5/2/2020,44.466375,-73.197558,,https://www.burlingtoncountryclub.org,,,,,,,,,,,Bunkers,,,,,,,,,,,
N America,USA,Washington,,Inglewood,Once,,,2021,,Jeff Mingay,,,,,Ridgetop,,,,,,,,,Restore,Open,,Macan,5/7/2021,47.750583,-122.290448,,https://www.inglewoodgolfclub.com/,,,,,,,,,,,,,,,,,,,,,,
Asia,Japan,Fukuoka,,Keya GC,Holiday,,,2021,,Paul Jansen,,,,,Andrew McDaniel,,,,,,,,,Restore,Open,,,4/15/2022,33.588821,130.13313,,https://www.keyagc.co.jp/index.html,,DCVYt-Ev28M,keyakeeper,Keya,,,,,,,Bunkers,,Korai Greens,drumcturf/status/1382595377954578433,Sand Dunes,,,,,,,
GB&I,England,Cornwall,,St. Enodoc,Holiday,Member,,2021,,Tom Doak,,,,,,,,,,,,,,Restore,Open,,Braid,3/9/2021,50.546875,-4.921467,,http://www.st-enodoc.co.uk/webcam-weather/webcams/,,,stenodocgolf,stenodocgolf,,,,,,,,,,BPBlackMetal/status/1369039838813552641,Himalaya Bunker,,,,,,,
GB&I,Scotland,Dunbartonshire,,Loch Lomond,Member,,100,2021,,GolfLink Evolve,$10M,,,,,,,,,,,,,Restore,Open,,Wesikopf Morrish,3/9/2021,56.073436,-4.638698,,https://www.lochlomond.com/,,,,,,,,,,,$10M,,,CapConGolf1/status/1369225068736352258,Capillary Concrete,,,,,,,
GB&I,Wales,Powys,,Rhayader,Holiday,Public,,2021,,Powell,,,,,,,,,,,,,,Restore,Open,,Mackenzie,5/13/2021,52.301575,-3.507359,,https://golf.com/travel/how-abandoned-alister-mackenzie-course-rose-from-ashes/,,,,,,,,,,,,,,KenBrownGolf/status/1390994056357064705,Wales,,,,,,,
